Product Name,Price,Original Price,Discount,Stock Availability,Image URL,Rating,Product Link
Jameson Jameson Irish Whiskey - 750 Ml,"KSh 2,099","KSh 2,930",28%,671 items left,"data:image/gif;base64,R0lGODlhAQABAIAAAAAAAP///yH5BAEAAAAALAAAAAABAAEAAAIBRAA7",No rating available,https://www.jumia.co.ke/jameson-jameson-irish-whiskey-750-ml-58538273.html
NIVEA Perfect & Radiant Even Tone Day And Night Cream For Women - 50ml,"KSh 1,260","KSh 1,800",30%,660 items left,"data:image/gif;base64,R0lGODlhAQABAIAAAAAAAP///yH5BAEAAAAALAAAAAABAAEAAAIBRAA7",No rating available,https://www.jumia.co.ke/nivea-perfect-radiant-even-tone-day-and-night-cream-for-women-50ml-68528030.html
Sony Bluetooth Headphone Wh-ch520 - Beige (1YR WRTY),"KSh 4,364","KSh 8,995",51%,5 items left,"data:image/gif;base64,R0lGODlhAQABAIAAAAAAAP///yH5BAEAAAAALAAAAAABAAEAAAIBRAA7",No rating available,https://www.jumia.co.ke/sony-bluetooth-headphone-wh-ch520-beige-1yr-wrty-264692821.html
"XIAOMI Redmi A3, 6.71"", 4GB RAM +128GB (Dual SIM), 5000mAh, Forest Green (2YRs WRTY)","KSh 10,103","KSh 11,000",8%,71 items left,"data:image/gif;base64,R0lGODlhAQABAIAAAAAAAP///yH5BAEAAAAALAAAAAABAAEAAAIBRAA7",No rating available,https://www.jumia.co.ke/xiaomi-redmi-a3-6.71-4gb-ram-128gb-dual-sim-5000mah-forest-green-2yrs-wrty-286515091.html
NIVEA Radiant & Beauty Advanced Care Lotion For Women - 400ml (Pack Of 2),"KSh 1,095","KSh 1,460",25%,1240 items left,"data:image/gif;base64,R0lGODlhAQABAIAAAAAAAP///yH5BAEAAAAALAAAAAABAAEAAAIBRAA7",No rating available,https://www.jumia.co.ke/nivea-radiant-beauty-advanced-care-lotion-for-women-400ml-pack-of-2-94993120.html
Jameson Jameson Irish Whiskey - 1 Litre,"KSh 2,799","KSh 3,736",25%,591 items left,"data:image/gif;base64,R0lGODlhAQABAIAAAAAAAP///yH5BAEAAAAALAAAAAABAAEAAAIBRAA7",No rating available,https://www.jumia.co.ke/jameson-jameson-irish-whiskey-1-litre-58538274.html
VON VSB1202WFK Wired Soundbar 120W - Black,"KSh 12,699","KSh 17,495",27%,9 items left,"data:image/gif;base64,R0lGODlhAQABAIAAAAAAAP///yH5BAEAAAAALAAAAAABAAEAAAIBRAA7",No rating available,https://www.jumia.co.ke/von-vsb1202wfk-wired-soundbar-120w-black-278784365.html
"XIAOMI A3 Pro, 6.88"", 4GB RAM + 128GB (Dual Sim), 5160mAH,Midnight Black (2YRS WRTY)","KSh 11,999","KSh 14,280",16%,90 items left,"data:image/gif;base64,R0lGODlhAQABAIAAAAAAAP///yH5BAEAAAAALAAAAAABAAEAAAIBRAA7",No rating available,https://www.jumia.co.ke/xiaomi-a3-pro-6.88-4gb-ram-128gb-dual-sim-5160mahmidnight-black-2yrs-wrty-286386963.html
Roch RFR-120S-I Single Door Refrigerator - 90 Litres - Silver (1Y WRTY),"KSh 17,050","KSh 23,000",26%,104 items left,"data:image/gif;base64,R0lGODlhAQABAIAAAAAAAP///yH5BAEAAAAALAAAAAABAAEAAAIBRAA7",No rating available,https://www.jumia.co.ke/roch-rfr-120s-i-single-door-refrigerator-90-litres-silver-1y-wrty-161792756.html
VON VALS-75BWY Twin Tub Washing Machine - 7.5Kg (1YR WRTY),"KSh 19,250","KSh 29,995",36%,66 items left,"data:image/gif;base64,R0lGODlhAQABAIAAAAAAAP///yH5BAEAAAAALAAAAAABAAEAAAIBRAA7",No rating available,https://www.jumia.co.ke/von-vals-75bwy-twin-tub-washing-machine-7.5kg1yr-wrty-267725144.html
Vitron HTC5068US 50” Smart Android 4K UHD LED TV - Black (1YR WRTY),"KSh 33,999","KSh 39,999",15%,23 items left,"data:image/gif;base64,R0lGODlhAQABAIAAAAAAAP///yH5BAEAAAAALAAAAAABAAEAAAIBRAA7",No rating available,https://www.jumia.co.ke/vitron-htc5068us-50-smart-android-4k-uhd-led-tv-black-1yr-wrty-35096895.html
Roch RECK-531BL - 50x55CM 3 Gas Burners + 1 Hotplate Cooker - Black (1YR WRTY),"KSh 23,899","KSh 37,500",36%,45 items left,"data:image/gif;base64,R0lGODlhAQABAIAAAAAAAP///yH5BAEAAAAALAAAAAABAAEAAAIBRAA7",No rating available,https://www.jumia.co.ke/roch-reck-531bl-50x55cm-3-gas-burners-1-hotplate-cooker-black-1yr-wrty-286925182.html
"Smart Pro 20L Digital Microwave Oven (SMV-20L-V4 2), Black (1YR WRTY)","KSh 7,799","KSh 11,999",35%,147 items left,"data:image/gif;base64,R0lGODlhAQABAIAAAAAAAP///yH5BAEAAAAALAAAAAABAAEAAAIBRAA7",No rating available,https://www.jumia.co.ke/smart-pro-20l-digital-microwave-oven-smv-20l-v42-black-1yr-wrty-280221109.html
"Smart Pro SCF-180-G Chest Freezer, 140L - Silver (1YR WRTY)","KSh 28,699","KSh 33,900",15%,38 items left,"data:image/gif;base64,R0lGODlhAQABAIAAAAAAAP///yH5BAEAAAAALAAAAAABAAEAAAIBRAA7",No rating available,https://www.jumia.co.ke/smart-pro-scf-180-g-chest-freezer-140l-silver-1yr-wrty-280221122.html
Roch RECK-531SS - 50x55CM 3 Gas Burners + 1 Hotplate Cooker - Silver (1YR WRTY),"KSh 23,899","KSh 37,500",36%,46 items left,"data:image/gif;base64,R0lGODlhAQABAIAAAAAAAP///yH5BAEAAAAALAAAAAABAAEAAAIBRAA7",No rating available,https://www.jumia.co.ke/roch-reck-531ss-50x55cm-3-gas-burners-1-hotplate-cooker-silver-1yr-wrty-286925184.html
,,N/A,No Discount,Stock info unavailable,"data:image/gif;base64,R0lGODlhAQABAIAAAAAAAP///yH5BAEAAAAALAAAAAABAAEAAAIBRAA7",No rating available,https://www.jumia.co.ke/No link
,,N/A,No Discount,Stock info unavailable,"data:image/gif;base64,R0lGODlhAQABAIAAAAAAAP///yH5BAEAAAAALAAAAAABAAEAAAIBRAA7",No rating available,https://www.jumia.co.ke/No link
,,N/A,No Discount,Stock info unavailable,"data:image/gif;base64,R0lGODlhAQABAIAAAAAAAP///yH5BAEAAAAALAAAAAABAAEAAAIBRAA7",No rating available,https://www.jumia.co.ke/No link
,,N/A,No Discount,Stock info unavailable,"data:image/gif;base64,R0lGODlhAQABAIAAAAAAAP///yH5BAEAAAAALAAAAAABAAEAAAIBRAA7",No rating available,https://www.jumia.co.ke/No link
,,N/A,No Discount,Stock info unavailable,"data:image/gif;base64,R0lGODlhAQABAIAAAAAAAP///yH5BAEAAAAALAAAAAABAAEAAAIBRAA7",No rating available,https://www.jumia.co.ke/No link
,,N/A,No Discount,Stock info unavailable,"data:image/gif;base64,R0lGODlhAQABAIAAAAAAAP///yH5BAEAAAAALAAAAAABAAEAAAIBRAA7",No rating available,https://www.jumia.co.ke/No link
128GB Metal Usb Flash Drive  3D Embossment,KSh 650,"KSh 1,044",38%,Stock info unavailable,"data:image/gif;base64,R0lGODlhAQABAIAAAAAAAP///yH5BAEAAAAALAAAAAABAAEAAAIBRAA7",No rating available,https://www.jumia.co.ke/generic-128gb-metal-usb-flash-drive-3d-embossment-91921997.html
Stereo F9 Bluetooth Earphone  Power Headset,KSh 476,KSh 932,49%,Stock info unavailable,"data:image/gif;base64,R0lGODlhAQABAIAAAAAAAP///yH5BAEAAAAALAAAAAABAAEAAAIBRAA7",No rating available,https://www.jumia.co.ke/generic-stereo-f9-bluetooth-earphone-power-headset-35221857.html
Wireless Earphones Bluetooth 5.3 Finger Touch Headset HIFI Slide Cover.,KSh 631,"KSh 1,249",49%,Stock info unavailable,"data:image/gif;base64,R0lGODlhAQABAIAAAAAAAP///yH5BAEAAAAALAAAAAABAAEAAAIBRAA7",No rating available,https://www.jumia.co.ke/generic-wireless-earphones-bluetooth-5.3-finger-touch-headset-hifi-slide-cover.-56804919.html
128 GB Metal  Usb Flash Drive  Adapter Cable  2 In 1 Set,KSh 639,KSh 910,30%,Stock info unavailable,"data:image/gif;base64,R0lGODlhAQABAIAAAAAAAP///yH5BAEAAAAALAAAAAABAAEAAAIBRAA7",No rating available,https://www.jumia.co.ke/generic-128-gb-metal-usb-flash-drive-adapter-cable-2-in-1-set-91921985.html
Rechargeable Hair Clipper/Hair Trimmer/Shaving Machine,KSh 355,KSh 637,44%,Stock info unavailable,"data:image/gif;base64,R0lGODlhAQABAIAAAAAAAP///yH5BAEAAAAALAAAAAABAAEAAAIBRAA7",No rating available,https://www.jumia.co.ke/generic-rechargeable-hair-clipperhair-trimmershaving-machine-65405699.html
Machislet Europe And The United States Women's Fashion Long Sleeve Loose Dreeses,KSh 646 - KSh 740,"KSh 1,280",50%,Stock info unavailable,"data:image/gif;base64,R0lGODlhAQABAIAAAAAAAP///yH5BAEAAAAALAAAAAABAAEAAAIBRAA7",No rating available,https://www.jumia.co.ke/machislet-europe-and-the-united-states-womens-fashion-long-sleeve-loose-dreeses-194855504.html
ALagzi 2024 Mens Casual High-Top Shoes Running Sneakers - Beige,"KSh 1,693 - KSh 1,860","KSh 2,657 - KSh 3,647",54%,Stock info unavailable,"data:image/gif;base64,R0lGODlhAQABAIAAAAAAAP///yH5BAEAAAAALAAAAAABAAEAAAIBRAA7",No rating available,https://www.jumia.co.ke/alagzi-2024-mens-casual-high-top-shoes-running-sneakers-beige-48872199.html
ALagzi Men's Trendy Sneakers - White,"KSh 1,265 - KSh 1,390","KSh 2,138 - KSh 2,725",54%,Stock info unavailable,"data:image/gif;base64,R0lGODlhAQABAIAAAAAAAP///yH5BAEAAAAALAAAAAABAAEAAAIBRAA7",No rating available,https://www.jumia.co.ke/alagzi-mens-trendy-sneakers-white-121322719.html
Agapeon Dragon Rechargeable Hair Clipper,KSh 319,KSh 710,55%,Stock info unavailable,"data:image/gif;base64,R0lGODlhAQABAIAAAAAAAP///yH5BAEAAAAALAAAAAABAAEAAAIBRAA7",No rating available,https://www.jumia.co.ke/agapeon-dragon-rechargeable-hair-clipper-215672193.html
Fashion Sneakers Women Shoes Women's Shoes Ladies,KSh 523,KSh 980,47%,Stock info unavailable,"data:image/gif;base64,R0lGODlhAQABAIAAAAAAAP///yH5BAEAAAAALAAAAAABAAEAAAIBRAA7",No rating available,https://www.jumia.co.ke/sneakers-women-shoes-womens-shoes-ladies-fashion-mpg432844.html
Fashion Women Shoes Ladies Shoes For Women Shoe,KSh 531,"KSh 1,029",48%,Stock info unavailable,"data:image/gif;base64,R0lGODlhAQABAIAAAAAAAP///yH5BAEAAAAALAAAAAABAAEAAAIBRAA7",No rating available,https://www.jumia.co.ke/fashion-women-shoes-ladies-shoes-for-women-shoe-54066767.html
LED 2.4G Rechargeable Wireless Mouse,KSh 375,KSh 731,49%,Stock info unavailable,"data:image/gif;base64,R0lGODlhAQABAIAAAAAAAP///yH5BAEAAAAALAAAAAABAAEAAAIBRAA7",No rating available,https://www.jumia.co.ke/led-2.4g-rechargeable-wireless-mouse-generic-mpg416675.html
ALagzi New Young Fashion Trendy Board Shoes - Blue,"KSh 1,447 - KSh 1,590","KSh 2,373 - KSh 2,789",48%,Stock info unavailable,"data:image/gif;base64,R0lGODlhAQABAIAAAAAAAP///yH5BAEAAAAALAAAAAABAAEAAAIBRAA7",No rating available,https://www.jumia.co.ke/alagzi-new-young-fashion-trendy-board-shoes-blue-162376810.html
Fashion Men Leather Loafers & Slip-Ons,KSh 808,"KSh 1,549",48%,Stock info unavailable,"data:image/gif;base64,R0lGODlhAQABAIAAAAAAAP///yH5BAEAAAAALAAAAAABAAEAAAIBRAA7",No rating available,https://www.jumia.co.ke/fashion-men-leather-loafers-slip-ons-55720099.html
Fashion Shoes For Women Sneakers Ladies Shoes Sneakers,KSh 491,KSh 864,43%,Stock info unavailable,"data:image/gif;base64,R0lGODlhAQABAIAAAAAAAP///yH5BAEAAAAALAAAAAABAAEAAAIBRAA7",No rating available,https://www.jumia.co.ke/fashion-shoes-for-women-sneakers-ladies-shoes-sneakers-58975592.html
Smartwatch Business Bluetooth Waterproof Sport,KSh 574,KSh 688,17%,Stock info unavailable,"data:image/gif;base64,R0lGODlhAQABAIAAAAAAAP///yH5BAEAAAAALAAAAAABAAEAAAIBRAA7",No rating available,https://www.jumia.co.ke/generic-smartwatch-business-bluetooth-waterproof-sport-115543616.html
"Vision Plus 32"" Digital HD Frameless TV, DVBT2/S2 - Black (2YRS WRTY)","KSh 9,799","KSh 15,995",39%,Stock info unavailable,"data:image/gif;base64,R0lGODlhAQABAIAAAAAAAP///yH5BAEAAAAALAAAAAABAAEAAAIBRAA7",No rating available,https://www.jumia.co.ke/vision-plus-32-digital-hd-frameless-tv-dvbt2s2-black-2yrs-wrty-125899150.html
"XIAOMI Redmi A3x, 6.71"", 64GB + 3GB RAM (Dual SIM), 5000mAh, Black","KSh 9,499","KSh 10,999",14%,Stock info unavailable,"data:image/gif;base64,R0lGODlhAQABAIAAAAAAAP///yH5BAEAAAAALAAAAAABAAEAAAIBRAA7",No rating available,https://www.jumia.co.ke/xiaomi-redmi-a3x-6.71-64gb-3gb-ram-dual-sim-5000mah-black-301783825.html
Garnier Even & Matte Vitamin C Sunscreen SPF30 50ml,KSh 875,"KSh 1,250",30%,Stock info unavailable,"data:image/gif;base64,R0lGODlhAQABAIAAAAAAAP///yH5BAEAAAAALAAAAAABAAEAAAIBRAA7",No rating available,https://www.jumia.co.ke/garnier-even-matte-vitamin-c-sunscreen-spf30-50ml-69384579.html
"Samsung Galaxy A05, 6.7'' 4GB RAM + 64GB ROM (Dual Sim) 50MP Camera, 5000mAh - Black","KSh 10,979","KSh 14,999",27%,Stock info unavailable,"data:image/gif;base64,R0lGODlhAQABAIAAAAAAAP///yH5BAEAAAAALAAAAAABAAEAAAIBRAA7",No rating available,https://www.jumia.co.ke/samsung-galaxy-a05-6.7-4gb-ram-64gb-rom-dual-sim-50mp-camera-5000mah-black-185881786.html
ASHION 2024 Men's Panties Underpant Underwear 4-piece,KSh 664,"KSh 1,232",46%,Stock info unavailable,"data:image/gif;base64,R0lGODlhAQABAIAAAAAAAP///yH5BAEAAAAALAAAAAABAAEAAAIBRAA7",No rating available,https://www.jumia.co.ke/ashion-2024-mens-panties-underpant-underwear-4-piece-261468128.html
NIVEA 5 In 1 Complete Care Nourishing Cocoa Body Lotion With Cocoa Butter & Vitamin E – 200ML(Pack Of 2).,KSh 612,KSh 720,15%,Stock info unavailable,"data:image/gif;base64,R0lGODlhAQABAIAAAAAAAP///yH5BAEAAAAALAAAAAABAAEAAAIBRAA7",No rating available,https://www.jumia.co.ke/nivea-5-in-1-complete-care-nourishing-cocoa-body-lotion-with-cocoa-butter-vitamin-e-200mlpack-of-2.-153133559.html
Itel BudsAce TWS Earbuds ENC Super Bass 35-Hour Battery Life,KSh 989,"KSh 1,300",24%,Stock info unavailable,"data:image/gif;base64,R0lGODlhAQABAIAAAAAAAP///yH5BAEAAAAALAAAAAABAAEAAAIBRAA7",No rating available,https://www.jumia.co.ke/itel-budsace-tws-earbuds-enc-super-bass-35-hour-battery-life-215779593.html
Roch RFR-120S-I Single Door Refrigerator - 90 Litres - Silver (1Y WRTY),"KSh 17,050","KSh 23,000",26%,Stock info unavailable,"data:image/gif;base64,R0lGODlhAQABAIAAAAAAAP///yH5BAEAAAAALAAAAAABAAEAAAIBRAA7",No rating available,https://www.jumia.co.ke/roch-rfr-120s-i-single-door-refrigerator-90-litres-silver-1y-wrty-161792756.html
Vision Plus VP2110SB - 2.1CH Soundbar With Bluetooth - Black (2YRs WRTY),"KSh 6,499","KSh 9,995",35%,Stock info unavailable,"data:image/gif;base64,R0lGODlhAQABAIAAAAAAAP///yH5BAEAAAAALAAAAAABAAEAAAIBRAA7",No rating available,https://www.jumia.co.ke/vision-plus-vp2110sb-2.1ch-soundbar-with-bluetooth-black-2yrs-wrty-125899253.html
Nunix Aluminium Pressure Cooker - Explosion Proof - 7  Litres - Silver,"KSh 2,760",N/A,No Discount,Stock info unavailable,"data:image/gif;base64,R0lGODlhAQABAIAAAAAAAP///yH5BAEAAAAALAAAAAABAAEAAAIBRAA7",No rating available,https://www.jumia.co.ke/nunix-aluminium-pressure-cooker-explosion-proof-7-litres-silver-169297390.html
Solarmax 100 WATTS SOLAR AFRICA FULLKIT WITH 10M DROPPING CABLE,"KSh 10,999","KSh 22,000",50%,Stock info unavailable,"data:image/gif;base64,R0lGODlhAQABAIAAAAAAAP///yH5BAEAAAAALAAAAAABAAEAAAIBRAA7",No rating available,https://www.jumia.co.ke/solarmax-100-watts-solar-africa-fullkit-with-10m-dropping-cable-97610875.html
"Infinix Hot 50 Pro+, 6.78"", 128GB + 8GB RAM (Dual Sim), 5000mAh, Purple","KSh 22,240","KSh 30,000",26%,Stock info unavailable,"data:image/gif;base64,R0lGODlhAQABAIAAAAAAAP///yH5BAEAAAAALAAAAAABAAEAAAIBRAA7",No rating available,https://www.jumia.co.ke/infinix-hot-50-pro-6.78-128gb-8gb-ram-dual-sim-5000mah-purple-297879051.html
Mythco 46Pcs Socket Wrench Set - Auto Repair Tool Kit Black,KSh 892,"KSh 1,729",48%,Stock info unavailable,"data:image/gif;base64,R0lGODlhAQABAIAAAAAAAP///yH5BAEAAAAALAAAAAABAAEAAAIBRAA7",No rating available,https://www.jumia.co.ke/mythco-46pcs-socket-wrench-set-auto-repair-tool-kit-black-190325324.html
TWS Airpods Pro3 Bluetooth Headsets Wireless Pods Pro Earpods Earphones,KSh 455,KSh 799,43%,Stock info unavailable,"data:image/gif;base64,R0lGODlhAQABAIAAAAAAAP///yH5BAEAAAAALAAAAAABAAEAAAIBRAA7",No rating available,https://www.jumia.co.ke/airpods-pro3-bluetooth-headsets-wireless-pods-pro-earpods-earphones-tws-mpg7287930.html
"Mythco Rechargeable Electric Screwdriver Portable Set, With 47pcs Cordless Accessories","KSh 1,364","KSh 2,800",51%,Stock info unavailable,"data:image/gif;base64,R0lGODlhAQABAIAAAAAAAP///yH5BAEAAAAALAAAAAABAAEAAAIBRAA7",No rating available,https://www.jumia.co.ke/mythco-rechargeable-electric-screwdriver-portable-set-with-47pcs-cordless-accessories-279463373.html
Mythco 46Pcs Socket Wrench Set - Auto Repair Tool Kit Red,KSh 892,"KSh 1,729",48%,Stock info unavailable,"data:image/gif;base64,R0lGODlhAQABAIAAAAAAAP///yH5BAEAAAAALAAAAAABAAEAAAIBRAA7",No rating available,https://www.jumia.co.ke/mythco-46pcs-socket-wrench-set-auto-repair-tool-kit-red-190325275.html
2025 New Model Men's And Women's Universal LED Watch + Crown Bracelet,KSh 528,KSh 800,34%,Stock info unavailable,"data:image/gif;base64,R0lGODlhAQABAIAAAAAAAP///yH5BAEAAAAALAAAAAABAAEAAAIBRAA7",No rating available,https://www.jumia.co.ke/generic-2025-new-model-mens-and-womens-universal-led-watch-crown-bracelet-178014437.html
Fashion 6 IN 1 Women's Watch + Bracelet Set,KSh 490,KSh 800,39%,Stock info unavailable,"data:image/gif;base64,R0lGODlhAQABAIAAAAAAAP///yH5BAEAAAAALAAAAAABAAEAAAIBRAA7",No rating available,https://www.jumia.co.ke/fashion-6-in-1-womens-watch-bracelet-set-225829121.html
"Vitron HTC3200S, 32"" Smart Frameless Android LED TV, With Bluetooth, (1YR WRTY)","KSh 11,413","KSh 15,000",24%,Stock info unavailable,"data:image/gif;base64,R0lGODlhAQABAIAAAAAAAP///yH5BAEAAAAALAAAAAABAAEAAAIBRAA7",No rating available,https://www.jumia.co.ke/vitron-htc3200s-32-smart-frameless-android-led-tv-with-bluetooth-1yr-wrty-261943073.html
5 By 8 Soft Fluffy Grey Patches Carpets Non-slip Rugs Floor Mat,"KSh 2,289","KSh 2,299",1%,Stock info unavailable,"data:image/gif;base64,R0lGODlhAQABAIAAAAAAAP///yH5BAEAAAAALAAAAAABAAEAAAIBRAA7",No rating available,https://www.jumia.co.ke/generic-5-by-8-soft-fluffy-grey-patches-carpets-non-slip-rugs-floor-mat-251557063.html
Fashion Genuine Leather Back To School Shoes - Black,"KSh 878 - KSh 1,199","KSh 1,700 - KSh 3,080",61%,Stock info unavailable,"data:image/gif;base64,R0lGODlhAQABAIAAAAAAAP///yH5BAEAAAAALAAAAAABAAEAAAIBRAA7",No rating available,https://www.jumia.co.ke/genuine-leather-back-to-school-shoes-fashion-mpg318656.html
Smartwatch Business Bluetooth Waterproof Sport,KSh 574,KSh 688,17%,Stock info unavailable,"data:image/gif;base64,R0lGODlhAQABAIAAAAAAAP///yH5BAEAAAAALAAAAAABAAEAAAIBRAA7",No rating available,https://www.jumia.co.ke/generic-smartwatch-business-bluetooth-waterproof-sport-115543616.html
Samsung Galaxy A52 5G 128 GB HDD- 6GB RAM - Awesome White,"KSh 24,905","KSh 45,000",45%,Stock info unavailable,"data:image/gif;base64,R0lGODlhAQABAIAAAAAAAP///yH5BAEAAAAALAAAAAABAAEAAAIBRAA7",No rating available,https://www.jumia.co.ke/samsung-galaxy-a52-5g-128-gb-hdd-6gb-ram-awesome-white-163895722.html
"XIAOMI Redmi A3, 6.71"", 4GB RAM +128GB (Dual SIM), 5000mAh, Forest Green (2YRs WRTY)","KSh 10,103","KSh 11,000",8%,Stock info unavailable,"data:image/gif;base64,R0lGODlhAQABAIAAAAAAAP///yH5BAEAAAAALAAAAAABAAEAAAIBRAA7",No rating available,https://www.jumia.co.ke/xiaomi-redmi-a3-6.71-4gb-ram-128gb-dual-sim-5000mah-forest-green-2yrs-wrty-286515091.html
Fashion Men's Sandals Slippers Open Half Shoes White,"KSh 1,399","KSh 2,000",30%,Stock info unavailable,"data:image/gif;base64,R0lGODlhAQABAIAAAAAAAP///yH5BAEAAAAALAAAAAABAAEAAAIBRAA7",No rating available,https://www.jumia.co.ke/fashion-mens-sandals-slippers-open-half-shoes-white-271982802.html
Nunix Hair Red Blow Dryer With Beauty Accessories HD-01,KSh 854,KSh 910,6%,Stock info unavailable,"data:image/gif;base64,R0lGODlhAQABAIAAAAAAAP///yH5BAEAAAAALAAAAAABAAEAAAIBRAA7",No rating available,https://www.jumia.co.ke/nunix-hair-red-blow-dryer-with-beauty-accessories-hd-01-185789864.html
"Vitron HTC4388FS - 43"" Smart  Android Frameless TV - Black (1YR WRTY)","KSh 19,459","KSh 28,599",32%,Stock info unavailable,"data:image/gif;base64,R0lGODlhAQABAIAAAAAAAP///yH5BAEAAAAALAAAAAABAAEAAAIBRAA7",No rating available,https://www.jumia.co.ke/vitron-htc4388fs-43-smart-android-frameless-tv-black-1yr-wrty-93348943.html
"Itel S23+ 6.78"", 128GB + 4GB RAM, 50MP Camera, (Dual SIM), 4G, 5000mAh - Energetic Orange","KSh 13,599","KSh 23,000",41%,Stock info unavailable,"data:image/gif;base64,R0lGODlhAQABAIAAAAAAAP///yH5BAEAAAAALAAAAAABAAEAAAIBRAA7",No rating available,https://www.jumia.co.ke/itel-s23-6.78-128gb-4gb-ram-50mp-camera-dual-sim-4g-5000mah-energetic-orange-249610901.html
RichRipple LED Display Bluetooth Headsets 9D Stereo Wireless Earphones Earpods,KSh 465,KSh 884,47%,Stock info unavailable,"data:image/gif;base64,R0lGODlhAQABAIAAAAAAAP///yH5BAEAAAAALAAAAAABAAEAAAIBRAA7",No rating available,https://www.jumia.co.ke/richripple-led-display-bluetooth-headsets-9d-stereo-wireless-earphones-earpods-179381044.html
Hikers 32'' Inch Frameless Android Smart HD LED TV With Bluetooth - Black,"KSh 10,669","KSh 21,947",51%,Stock info unavailable,"data:image/gif;base64,R0lGODlhAQABAIAAAAAAAP///yH5BAEAAAAALAAAAAABAAEAAAIBRAA7",No rating available,https://www.jumia.co.ke/hikers-32-inch-frameless-android-smart-hd-led-tv-with-bluetooth-black-203856840.html
WK 02 CH Multimedia Speaker 10000watts (1YR WRTY),"KSh 5,499","KSh 7,500",27%,Stock info unavailable,"data:image/gif;base64,R0lGODlhAQABAIAAAAAAAP///yH5BAEAAAAALAAAAAABAAEAAAIBRAA7",No rating available,https://www.jumia.co.ke/wk-02-ch-multimedia-speaker-10000watts-1yr-wrty-216067763.html
Yixin 3 Pack Men's Summer Loose Short Sleeve T-shirt,KSh 919,"KSh 1,671",45%,Stock info unavailable,"data:image/gif;base64,R0lGODlhAQABAIAAAAAAAP///yH5BAEAAAAALAAAAAABAAEAAAIBRAA7",No rating available,https://www.jumia.co.ke/yixin-3-pack-mens-summer-loose-short-sleeve-t-shirt-81677958.html
Tisa Nyota Ladies Handbags PU Leather Bucket Bags Women Tote Bags 3 In 1,"KSh 1,050","KSh 1,500",30%,Stock info unavailable,"data:image/gif;base64,R0lGODlhAQABAIAAAAAAAP///yH5BAEAAAAALAAAAAABAAEAAAIBRAA7",No rating available,https://www.jumia.co.ke/tisa-nyota-ladies-handbags-pu-leather-bucket-bags-women-tote-bags-3-in-1-189820859.html
"Smart Pro 20L Digital Microwave Oven (SMV-20L-V4 2), Black (1YR WRTY)","KSh 7,799","KSh 11,999",35%,Stock info unavailable,"data:image/gif;base64,R0lGODlhAQABAIAAAAAAAP///yH5BAEAAAAALAAAAAABAAEAAAIBRAA7",No rating available,https://www.jumia.co.ke/smart-pro-20l-digital-microwave-oven-smv-20l-v42-black-1yr-wrty-280221109.html
"Amtec 50Q6 - 50"" Android Smart TV, Inbuilt Decoder + WI-FI Netflix/YouTube/Bluetooth - Black (1YR WRTY)","KSh 33,160","KSh 40,000",17%,Stock info unavailable,"data:image/gif;base64,R0lGODlhAQABAIAAAAAAAP///yH5BAEAAAAALAAAAAABAAEAAAIBRAA7",No rating available,https://www.jumia.co.ke/amtec-50q6-50-android-smart-tv-inbuilt-decoder-wi-fi-netflixyoutubebluetooth-black-1yr-wrty-64904031.html
"Freeyond M5,8GB+128GB,6.52"", 50MP,4G Smartphone 5000mAh Dual SIM Android Phone","KSh 11,555","KSh 21,196",45%,Stock info unavailable,"data:image/gif;base64,R0lGODlhAQABAIAAAAAAAP///yH5BAEAAAAALAAAAAABAAEAAAIBRAA7",No rating available,https://www.jumia.co.ke/freeyond-m58gb128gb6.52-50mp4g-smartphone-5000mah-dual-sim-android-phone-109534189.html
Waterproof Matress Protector And Cover,"KSh 2,299 - KSh 2,899","KSh 4,000 - KSh 5,000",43%,Stock info unavailable,"data:image/gif;base64,R0lGODlhAQABAIAAAAAAAP///yH5BAEAAAAALAAAAAABAAEAAAIBRAA7",No rating available,https://www.jumia.co.ke/waterproof-matress-protector-and-cover-generic-mpg322171.html
12 Pcs Silicone Cooking Utensils Kitchen Utensil Set,"KSh 1,402","KSh 2,100",33%,Stock info unavailable,"data:image/gif;base64,R0lGODlhAQABAIAAAAAAAP///yH5BAEAAAAALAAAAAABAAEAAAIBRAA7",No rating available,https://www.jumia.co.ke/generic-12-pcs-silicone-cooking-utensils-kitchen-utensil-set-274321036.html
"Samsung A06, 6.7"", 4GB RAM+ 64GB (Dual SIM), 5000mAh, Black (1YR WRTY)","KSh 11,599","KSh 15,570",26%,Stock info unavailable,"data:image/gif;base64,R0lGODlhAQABAIAAAAAAAP///yH5BAEAAAAALAAAAAABAAEAAAIBRAA7",No rating available,https://www.jumia.co.ke/samsung-a06-6.7-4gb-ram-64gb-dual-sim-5000mah-black-1yr-wrty-299889399.html
"Infinix Hot 50i, 6.7"", 128GB + 6GB RAM, 5000 mAh (Dual Sim), Titanium Grey  (1YR  WRTY)","KSh 13,000","KSh 15,000",13%,Stock info unavailable,"data:image/gif;base64,R0lGODlhAQABAIAAAAAAAP///yH5BAEAAAAALAAAAAABAAEAAAIBRAA7",No rating available,https://www.jumia.co.ke/infinix-hot-50i-6.7-128gb-6gb-ram-5000mah-dual-sim-titanium-grey-1yr-wrty-279236986.html
"Infinix Smart 9 HD, 6.7"", 64GB + 3GB RAM (Dual SIM), 5000mAh, Neo Titanium (1YR WRTY)","KSh 10,260","KSh 13,000",21%,Stock info unavailable,"data:image/gif;base64,R0lGODlhAQABAIAAAAAAAP///yH5BAEAAAAALAAAAAABAAEAAAIBRAA7",No rating available,https://www.jumia.co.ke/infinix-smart-9-hd-6.7-64gb-3gb-ram-dual-sim-5000mah-neo-titanium-1yr-wrty-294981551.html
"XIAOMI Redmi 14C, 6.88"" (4GB RAM+128GB Storage) (Dual Sim) 5160mAh - Sage Green (2YRS WRTY)","KSh 12,999","KSh 15,000",13%,Stock info unavailable,"data:image/gif;base64,R0lGODlhAQABAIAAAAAAAP///yH5BAEAAAAALAAAAAABAAEAAAIBRAA7",No rating available,https://www.jumia.co.ke/xiaomi-redmi-14c-6.88-4gb-ram128gb-storage-dual-sim-5160mah-sage-green-2yrs-wrty-277742880.html
"Poco C75, 6.88"", 128GB + 6GB RAM (Dual SIM), 5160mAh, Green (2YRS WRTY)","KSh 13,580","KSh 15,000",9%,Stock info unavailable,"data:image/gif;base64,R0lGODlhAQABAIAAAAAAAP///yH5BAEAAAAALAAAAAABAAEAAAIBRAA7",No rating available,https://www.jumia.co.ke/poco-c75-6.88-128gb-6gb-ram-dual-sim-5160mah-green-2yrs-wrty-286351368.html
"Itel A60s, 6.6"", 128GB + 4GB RAM, Dual SIM, 5000mAh, 4G -?Glacier Green (1YR WRTY)","KSh 9,500","KSh 12,000",21%,Stock info unavailable,"data:image/gif;base64,R0lGODlhAQABAIAAAAAAAP///yH5BAEAAAAALAAAAAABAAEAAAIBRAA7",No rating available,https://www.jumia.co.ke/itel-a60s-6.6-128gb-4gb-ram-dual-sim-5000mah-4g-glacier-green-1yr-wrty-249610903.html
"Itel 2311 - 2.0"" (Dual SIM), Wireless FM, Bright Torch, 1000mAh - Black (1YR WRTY)","KSh 1,680","KSh 2,000",16%,Stock info unavailable,"data:image/gif;base64,R0lGODlhAQABAIAAAAAAAP///yH5BAEAAAAALAAAAAABAAEAAAIBRAA7",No rating available,https://www.jumia.co.ke/itel-2311-2.0-dual-sim-wireless-fm-bright-torch-1000mah-black-1yr-wrty-251516843.html
"Itel A80, 6.7"", 4GB RAM + 128GB, 5000mAh, Black","KSh 12,200","KSh 14,000",13%,Stock info unavailable,"data:image/gif;base64,R0lGODlhAQABAIAAAAAAAP///yH5BAEAAAAALAAAAAABAAEAAAIBRAA7",No rating available,https://www.jumia.co.ke/itel-a80-6.7-4gb-ram-128gb-5000mah-black-292382921.html
"Itel S23+ 6.78"", 128GB + 4GB RAM, 50MP Camera, (Dual SIM), 4G, 5000mAh - Energetic Orange","KSh 13,599","KSh 23,000",41%,Stock info unavailable,"data:image/gif;base64,R0lGODlhAQABAIAAAAAAAP///yH5BAEAAAAALAAAAAABAAEAAAIBRAA7",No rating available,https://www.jumia.co.ke/itel-s23-6.78-128gb-4gb-ram-50mp-camera-dual-sim-4g-5000mah-energetic-orange-249610901.html
"XIAOMI A3 Pro, 6.88"", 4GB RAM + 128GB (Dual Sim), 5160mAH,Midnight Black (2YRS WRTY)","KSh 11,999","KSh 14,280",16%,Stock info unavailable,"data:image/gif;base64,R0lGODlhAQABAIAAAAAAAP///yH5BAEAAAAALAAAAAABAAEAAAIBRAA7",No rating available,https://www.jumia.co.ke/xiaomi-a3-pro-6.88-4gb-ram-128gb-dual-sim-5160mahmidnight-black-2yrs-wrty-286386963.html
"Itel P55 6.6"", 128GB + 6GB, (Dual SIM), 5G, 5000mAh - Mint Green","KSh 12,000","KSh 22,100",46%,Stock info unavailable,"data:image/gif;base64,R0lGODlhAQABAIAAAAAAAP///yH5BAEAAAAALAAAAAABAAEAAAIBRAA7",No rating available,https://www.jumia.co.ke/itel-p55-6.6-128gb-6gb-dual-sim-5g-5000mah-mint-green-249610879.html
"Vision Plus Vibe Pods Bluetooth Ear Buds Vibe Series - Black, (2YRs WRTY)","KSh 1,699","KSh 2,995",43%,Stock info unavailable,"data:image/gif;base64,R0lGODlhAQABAIAAAAAAAP///yH5BAEAAAAALAAAAAABAAEAAAIBRAA7",No rating available,https://www.jumia.co.ke/vision-plus-vibe-pods-bluetooth-ear-buds-vibe-series-black-2yrs-wrty-125902634.html
"Vision Plus 3 In 1 Cable, 1M - Black",KSh 360,KSh 500,28%,Stock info unavailable,"data:image/gif;base64,R0lGODlhAQABAIAAAAAAAP///yH5BAEAAAAALAAAAAABAAEAAAIBRAA7",No rating available,https://www.jumia.co.ke/vision-plus-3-in-1-cable-1m-black-194481312.html
"Vitron HTC3200S, 32"" Smart Frameless Android LED TV, With Bluetooth, (1YR WRTY)","KSh 11,413","KSh 15,000",24%,Stock info unavailable,"data:image/gif;base64,R0lGODlhAQABAIAAAAAAAP///yH5BAEAAAAALAAAAAABAAEAAAIBRAA7",No rating available,https://www.jumia.co.ke/vitron-htc3200s-32-smart-frameless-android-led-tv-with-bluetooth-1yr-wrty-261943073.html
"Amtec 43L12, 43"" FHD Smart Android TV, Netfix, Youtube, Bluetooth - Black (1YR WRTY)","KSh 18,799","KSh 28,000",33%,Stock info unavailable,"data:image/gif;base64,R0lGODlhAQABAIAAAAAAAP///yH5BAEAAAAALAAAAAABAAEAAAIBRAA7",No rating available,https://www.jumia.co.ke/amtec-43l12-43-fhd-smart-android-tv-netfix-youtube-bluetooth-black-1yr-wrty-55192249.html
Vitron HTC5568US - 55” 4K Smart Android LED TV - Black (1YR WRTY),"KSh 40,799","KSh 49,500",18%,Stock info unavailable,"data:image/gif;base64,R0lGODlhAQABAIAAAAAAAP///yH5BAEAAAAALAAAAAABAAEAAAIBRAA7",No rating available,https://www.jumia.co.ke/vitron-htc5568us-55-4k-smart-android-led-tv-black-1yr-wrty-32294673.html
Vitron HTC5068US 50” Smart Android 4K UHD LED TV - Black (1YR WRTY),"KSh 33,999","KSh 39,999",15%,Stock info unavailable,"data:image/gif;base64,R0lGODlhAQABAIAAAAAAAP///yH5BAEAAAAALAAAAAABAAEAAAIBRAA7",No rating available,https://www.jumia.co.ke/vitron-htc5068us-50-smart-android-4k-uhd-led-tv-black-1yr-wrty-35096895.html
"Vitron HTC6588USWO, 65"" 4K Smart Frameless TV, Wi-Fi/Netflix, 1YR WRTY","KSh 63,999","KSh 99,999",36%,Stock info unavailable,"data:image/gif;base64,R0lGODlhAQABAIAAAAAAAP///yH5BAEAAAAALAAAAAABAAEAAAIBRAA7",No rating available,https://www.jumia.co.ke/vitron-htc6588uswo-65-4k-smart-frameless-tv-wi-finetflix-1yr-wrty-78428733.html
"Vitron 75"" 4K UHD Frameless Smart TV, DVB-T2+SMART, WEBOS, 2GB RAM + 8GB ROM, 1YR WRTY","KSh 99,999","KSh 159,999",38%,Stock info unavailable,"data:image/gif;base64,R0lGODlhAQABAIAAAAAAAP///yH5BAEAAAAALAAAAAABAAEAAAIBRAA7",No rating available,https://www.jumia.co.ke/vitron-75-4k-uhd-frameless-smart-tv-dvb-t2smart-webos-2gb-ram-8gb-rom-1yr-wrty-135443373.html
"Vitron HTC3218F - 32"" HD Frameless LED Digital TV (StarTimes Inbuilt Decoder) 1YR WRTY","KSh 10,799","KSh 15,514",30%,Stock info unavailable,"data:image/gif;base64,R0lGODlhAQABAIAAAAAAAP///yH5BAEAAAAALAAAAAABAAEAAAIBRAA7",No rating available,https://www.jumia.co.ke/vitron-htc3218f-32-hd-frameless-led-digital-tv-startimes-inbuilt-decoder-1yr-wrty-160707140.html
"Vision Plus 50"" 4K Frameless, Netflix Official Smart Content TV +Free Wall Mount(2YRs WRTY)","KSh 33,999","KSh 49,995",32%,Stock info unavailable,"data:image/gif;base64,R0lGODlhAQABAIAAAAAAAP///yH5BAEAAAAALAAAAAABAAEAAAIBRAA7",No rating available,https://www.jumia.co.ke/vision-plus-50-4k-frameless-netflix-official-smart-content-tv-free-wall-mount2yrs-wrty-125899163.html
"Vision Plus 32"" HD Frameless Smart TV, DVB-T2/S2, Android +Free Wall Mount (2YRs WRTY)","KSh 12,199","KSh 20,995",42%,Stock info unavailable,"data:image/gif;base64,R0lGODlhAQABAIAAAAAAAP///yH5BAEAAAAALAAAAAABAAEAAAIBRAA7",No rating available,https://www.jumia.co.ke/vision-plus-32-hd-frameless-smart-tv-dvb-t2s2-android-free-wall-mount-2yrs-wrty-125899141.html
"Vision Plus 32"" Digital HD Frameless TV, DVBT2/S2 - Black (2YRS WRTY)","KSh 9,799","KSh 15,995",39%,Stock info unavailable,"data:image/gif;base64,R0lGODlhAQABAIAAAAAAAP///yH5BAEAAAAALAAAAAABAAEAAAIBRAA7",No rating available,https://www.jumia.co.ke/vision-plus-32-digital-hd-frameless-tv-dvbt2s2-black-2yrs-wrty-125899150.html
"Amtec 32"" M6 Digital LED TV DVBt2 HD AC (1YR WRTY)","KSh 9,799","KSh 12,000",18%,Stock info unavailable,"data:image/gif;base64,R0lGODlhAQABAIAAAAAAAP///yH5BAEAAAAALAAAAAABAAEAAAIBRAA7",No rating available,https://www.jumia.co.ke/amtec-32-m6-digital-led-tv-dvbt2-hd-ac-1yr-wrty-183398093.html
"Vitron VB-815 - 2in1 Blender - 1.5L - 350W - White & Blue, (1YR WRTY)","KSh 1,659","KSh 3,050",46%,Stock info unavailable,"data:image/gif;base64,R0lGODlhAQABAIAAAAAAAP///yH5BAEAAAAALAAAAAABAAEAAAIBRAA7",No rating available,https://www.jumia.co.ke/vitron-vb-815-2in1-blender-1.5l-350w-white-blue-1yr-wrty-153990915.html
Roch RECK-531SS - 50x55CM 3 Gas Burners + 1 Hotplate Cooker - Silver (1YR WRTY),"KSh 23,899","KSh 37,500",36%,Stock info unavailable,"data:image/gif;base64,R0lGODlhAQABAIAAAAAAAP///yH5BAEAAAAALAAAAAABAAEAAAIBRAA7",No rating available,https://www.jumia.co.ke/roch-reck-531ss-50x55cm-3-gas-burners-1-hotplate-cooker-silver-1yr-wrty-286925184.html
"Smart Pro SCF-180-G Chest Freezer, 140L - Silver (1YR WRTY)","KSh 28,699","KSh 33,900",15%,Stock info unavailable,"data:image/gif;base64,R0lGODlhAQABAIAAAAAAAP///yH5BAEAAAAALAAAAAABAAEAAAIBRAA7",No rating available,https://www.jumia.co.ke/smart-pro-scf-180-g-chest-freezer-140l-silver-1yr-wrty-280221122.html
Smart Pro SAF-232B - 4.5L Air Fryer - Black,"KSh 4,799","KSh 6,999",31%,Stock info unavailable,"data:image/gif;base64,R0lGODlhAQABAIAAAAAAAP///yH5BAEAAAAALAAAAAABAAEAAAIBRAA7",No rating available,https://www.jumia.co.ke/smart-pro-saf-232b-4.5l-air-fryer-black-280221111.html
"Smart Pro SKL-816 Electric Kettle, 2L, 1500W - Silver/Black",KSh 749,"KSh 1,199",38%,Stock info unavailable,"data:image/gif;base64,R0lGODlhAQABAIAAAAAAAP///yH5BAEAAAAALAAAAAABAAEAAAIBRAA7",No rating available,https://www.jumia.co.ke/smart-pro-skl-816-electric-kettle-2l-1500w-silverblack-280221127.html
"Roch RECK-631BL, 60x60CM 3 Gas Burners + 1 Hotplate Cooker - Black (1YR WRTY)","KSh 25,399","KSh 38,500",34%,Stock info unavailable,"data:image/gif;base64,R0lGODlhAQABAIAAAAAAAP///yH5BAEAAAAALAAAAAABAAEAAAIBRAA7",No rating available,https://www.jumia.co.ke/roch-reck-631bl-60x60cm-3-gas-burners-1-hotplate-cooker-black-1yr-wrty-286925185.html
"Vitron VB-Y44 - 2in1 Blender - 1.5L - 350W - White & Yellow, (1YR WRTY)","KSh 1,659","KSh 2,999",45%,Stock info unavailable,"data:image/gif;base64,R0lGODlhAQABAIAAAAAAAP///yH5BAEAAAAALAAAAAABAAEAAAIBRAA7",No rating available,https://www.jumia.co.ke/vitron-vb-y44-2in1-blender-1.5l-350w-white-yellow-1yr-wrty-153990913.html
Roch RECK-531BL - 50x55CM 3 Gas Burners + 1 Hotplate Cooker - Black (1YR WRTY),"KSh 23,899","KSh 37,500",36%,Stock info unavailable,"data:image/gif;base64,R0lGODlhAQABAIAAAAAAAP///yH5BAEAAAAALAAAAAABAAEAAAIBRAA7",No rating available,https://www.jumia.co.ke/roch-reck-531bl-50x55cm-3-gas-burners-1-hotplate-cooker-black-1yr-wrty-286925182.html
Hisense 7.5Kg Twin Tub Top Load Washing Machine - White (2YRs WRTY),"KSh 17,799","KSh 23,999",26%,Stock info unavailable,"data:image/gif;base64,R0lGODlhAQABAIAAAAAAAP///yH5BAEAAAAALAAAAAABAAEAAAIBRAA7",No rating available,https://www.jumia.co.ke/hisense-7.5kg-twin-tub-top-load-washing-machine-white-2yrs-wrty-284340554.html
"Vitron VDR90SG, 90 Litres Single Door Fridge - Grey (1YR WRTY)","KSh 18,299","KSh 20,000",9%,Stock info unavailable,"data:image/gif;base64,R0lGODlhAQABAIAAAAAAAP///yH5BAEAAAAALAAAAAABAAEAAAIBRAA7",No rating available,https://www.jumia.co.ke/vitron-vdr90sg-90-litres-single-door-fridge-grey-1yr-wrty-268785183.html
"Vitron VB-886 - 2in1 Blender - 1.5L - 350W - White, (1YR WRTY)","KSh 1,759","KSh 2,999",41%,Stock info unavailable,"data:image/gif;base64,R0lGODlhAQABAIAAAAAAAP///yH5BAEAAAAALAAAAAABAAEAAAIBRAA7",No rating available,https://www.jumia.co.ke/vitron-vb-886-2in1-blender-1.5l-350w-white-1yr-wrty-153990916.html
Hisense 94 Liters Single Door Fridge REF094DR (2YRs WRTY),"KSh 16,999","KSh 22,999",26%,Stock info unavailable,"data:image/gif;base64,R0lGODlhAQABAIAAAAAAAP///yH5BAEAAAAALAAAAAABAAEAAAIBRAA7",No rating available,https://www.jumia.co.ke/hisense-94-liters-single-door-fridge-ref094dr-2yrs-wrty-283761286.html
"Roch RFR-160DT-B Double Door Fridge, 126L - Silver (1YR WRTY)","KSh 26,499","KSh 31,000",15%,Stock info unavailable,"data:image/gif;base64,R0lGODlhAQABAIAAAAAAAP///yH5BAEAAAAALAAAAAABAAEAAAIBRAA7",No rating available,https://www.jumia.co.ke/roch-rfr-160dt-b-double-door-fridge-126l-silver-1yr-wrty-250741242.html
"Smart Pro 20L Digital Microwave Oven (SMV-20L-V4 2), Black (1YR WRTY)","KSh 7,799","KSh 11,999",35%,Stock info unavailable,"data:image/gif;base64,R0lGODlhAQABAIAAAAAAAP///yH5BAEAAAAALAAAAAABAAEAAAIBRAA7",No rating available,https://www.jumia.co.ke/smart-pro-20l-digital-microwave-oven-smv-20l-v42-black-1yr-wrty-280221109.html
"Smart Pro SFR-210-DT-I Double Door Refrigerator, 170L - Silver (1YR WRTY)","KSh 31,999","KSh 38,600",17%,Stock info unavailable,"data:image/gif;base64,R0lGODlhAQABAIAAAAAAAP///yH5BAEAAAAALAAAAAABAAEAAAIBRAA7",No rating available,https://www.jumia.co.ke/smart-pro-sfr-210-dt-i-double-door-refrigerator-170l-silver-1yr-wrty-280488844.html
RichRipple 4in1 Pack Phone Camera Tripod Stand 1/4 Screw Head Remote Control Selfie,KSh 970,"KSh 1,499",35%,Stock info unavailable,"data:image/gif;base64,R0lGODlhAQABAIAAAAAAAP///yH5BAEAAAAALAAAAAABAAEAAAIBRAA7",No rating available,https://www.jumia.co.ke/richripple-4in1-pack-phone-camera-tripod-stand-14-screw-head-remote-control-selfie-179381084.html
"ARHANORY 6"" Ring Light For Selfie YouTube Video Phone Holder Stand With 3 Light Modes",KSh 533,"KSh 1,020",48%,Stock info unavailable,"data:image/gif;base64,R0lGODlhAQABAIAAAAAAAP///yH5BAEAAAAALAAAAAABAAEAAAIBRAA7",No rating available,https://www.jumia.co.ke/arhanory-6-ring-light-for-selfie-youtube-video-phone-holder-stand-with-3-light-modes-87833341.html
Nikon DSLR Camera Kit With 18-140mm VR Lens,"KSh 175,999",N/A,No Discount,Stock info unavailable,"data:image/gif;base64,R0lGODlhAQABAIAAAAAAAP///yH5BAEAAAAALAAAAAABAAEAAAIBRAA7",No rating available,https://www.jumia.co.ke/nikon-dslr-camera-kit-with-18-140mm-vr-lens-71193067.html
LED Selfie Light Makeup Fill Light Clip Photography Video Photo Light Clip Bracket For Notebook Computer Mobile Phone,"KSh 2,400","KSh 2,600",8%,Stock info unavailable,"data:image/gif;base64,R0lGODlhAQABAIAAAAAAAP///yH5BAEAAAAALAAAAAABAAEAAAIBRAA7",No rating available,https://www.jumia.co.ke/generic-led-selfie-light-makeup-fill-light-clip-photography-video-photo-light-clip-bracket-for-notebook-computer-mobile-phone-267563314.html
TRIOPO 90cm softbox/deep octagon for speedlite,"KSh 7,999","KSh 9,500",16%,Stock info unavailable,"data:image/gif;base64,R0lGODlhAQABAIAAAAAAAP///yH5BAEAAAAALAAAAAABAAEAAAIBRAA7",No rating available,https://www.jumia.co.ke/triopo-90cm-softboxdeep-octagon-for-speedlite-185598214.html
RichRipple Purple Metal Desktop Phones & Tablets Holder Foldable Stand,KSh 290,KSh 586,51%,Stock info unavailable,"data:image/gif;base64,R0lGODlhAQABAIAAAAAAAP///yH5BAEAAAAALAAAAAABAAEAAAIBRAA7",No rating available,https://www.jumia.co.ke/portable-tripod-mobile-phone-clip-remote-control-generic-mpg416727.html
"Vision Plus Power Bank 10000mAh VPPB10A - Black, (1YR WRTY)",KSh 999,"KSh 1,700",41%,Stock info unavailable,"data:image/gif;base64,R0lGODlhAQABAIAAAAAAAP///yH5BAEAAAAALAAAAAABAAEAAAIBRAA7",No rating available,https://www.jumia.co.ke/vision-plus-power-bank-10000mah-vppb10a-black-1yr-wrty-194481333.html
ARHANORY Phone Stand Phone Holder Desktop Stand Free Angle Adjustment,KSh 432,KSh 799,46%,Stock info unavailable,"data:image/gif;base64,R0lGODlhAQABAIAAAAAAAP///yH5BAEAAAAALAAAAAABAAEAAAIBRAA7",No rating available,https://www.jumia.co.ke/arhanory-phone-stand-phone-holder-desktop-stand-free-angle-adjustment-87832999.html
30000mAh Fast Charging Powerbank High Capacity Powerbank With Own Inbuilt Charging Cables For Type C&iphone,"KSh 1,900",N/A,No Discount,Stock info unavailable,"data:image/gif;base64,R0lGODlhAQABAIAAAAAAAP///yH5BAEAAAAALAAAAAABAAEAAAIBRAA7",No rating available,https://www.jumia.co.ke/generic-30000mah-fast-charging-powerbank-high-capacity-powerbank-with-own-inbuilt-charging-cables-for-type-ciphone-269061953.html
Bluetooth Selfie Stick Tripod + Fill Light +Shutter Remote,KSh 338,KSh 668,49%,Stock info unavailable,"data:image/gif;base64,R0lGODlhAQABAIAAAAAAAP///yH5BAEAAAAALAAAAAABAAEAAAIBRAA7",No rating available,https://www.jumia.co.ke/generic-bluetooth-selfie-stick-tripod-fill-light-shutter-remote-263052026.html
Canon EOS 4000D DSLR Camera And EF-S 18-55 Mm,"KSh 53,698","KSh 85,000",37%,Stock info unavailable,"data:image/gif;base64,R0lGODlhAQABAIAAAAAAAP///yH5BAEAAAAALAAAAAABAAEAAAIBRAA7",No rating available,https://www.jumia.co.ke/canon-eos-4000d-dslr-camera-and-ef-s-18-55-mm-177147932.html
Nikon  DSLR Camera Kit With 18-140mm VR Lens,"KSh 166,000","KSh 255,000",35%,Stock info unavailable,"data:image/gif;base64,R0lGODlhAQABAIAAAAAAAP///yH5BAEAAAAALAAAAAABAAEAAAIBRAA7",No rating available,https://www.jumia.co.ke/nikon-dslr-camera-kit-with-18-140mm-vr-lens-264874928.html
Universal Slim 10000mAh Power-Bank T63 - Black,KSh 767,"KSh 1,500",49%,Stock info unavailable,"data:image/gif;base64,R0lGODlhAQABAIAAAAAAAP///yH5BAEAAAAALAAAAAABAAEAAAIBRAA7",No rating available,https://www.jumia.co.ke/generic-universal-slim-10000mah-power-bank-t63-black-251295988.html
10 Inch Ring Light With 2.1M Tripod Stand + Remote+Lapel Mic,"KSh 1,420","KSh 2,800",49%,Stock info unavailable,"data:image/gif;base64,R0lGODlhAQABAIAAAAAAAP///yH5BAEAAAAALAAAAAABAAEAAAIBRAA7",No rating available,https://www.jumia.co.ke/generic-10-inch-ring-light-with-2.1m-tripod-stand-remotelapel-mic-206980772.html
VIC Phone Vlog Video Kit Remote Control With Adjustable Tripod/ Stabilizer,KSh 942,"KSh 1,782",47%,Stock info unavailable,"data:image/gif;base64,R0lGODlhAQABAIAAAAAAAP///yH5BAEAAAAALAAAAAABAAEAAAIBRAA7",No rating available,https://www.jumia.co.ke/vic-phone-vlog-video-kit-remote-control-with-adjustable-tripod-stabilizer-152070164.html
AILYONS AFK-111 Water Dispenser Hot And Normal With Storage Cabinet (1YR WRTY),"KSh 3,399","KSh 4,999",32%,Stock info unavailable,"data:image/gif;base64,R0lGODlhAQABAIAAAAAAAP///yH5BAEAAAAALAAAAAABAAEAAAIBRAA7",No rating available,https://www.jumia.co.ke/ailyons-afk-111-water-dispenser-hot-and-normal-with-storage-cabinet-1yr-wrty-118096692.html
Ecoa Char And Grill Bundle,"KSh 5,400","KSh 6,000",10%,Stock info unavailable,"data:image/gif;base64,R0lGODlhAQABAIAAAAAAAP///yH5BAEAAAAALAAAAAABAAEAAAIBRAA7",No rating available,https://www.jumia.co.ke/ecoa-char-and-grill-bundle-255387112.html
Solarmax 100 WATTS SOLAR AFRICA FULLKIT WITH 10M DROPPING CABLE,"KSh 10,999","KSh 22,000",50%,Stock info unavailable,"data:image/gif;base64,R0lGODlhAQABAIAAAAAAAP///yH5BAEAAAAALAAAAAABAAEAAAIBRAA7",No rating available,https://www.jumia.co.ke/solarmax-100-watts-solar-africa-fullkit-with-10m-dropping-cable-97610875.html
"Superfoam Morning Glory Fiber Pillow ( 100% Pure Fiber, Soft Feel) 68 Cm X 43 Cm)",KSh 406,N/A,No Discount,Stock info unavailable,"data:image/gif;base64,R0lGODlhAQABAIAAAAAAAP///yH5BAEAAAAALAAAAAABAAEAAAIBRAA7",No rating available,https://www.jumia.co.ke/superfoam-morning-glory-fiber-pillow-100-pure-fiber-soft-feel-68-cm-x-43-cm-67320096.html
HOMMY Maroon Portable Wardrobe 3 Column - Maroon Cover,"KSh 2,399","KSh 4,000",40%,Stock info unavailable,"data:image/gif;base64,R0lGODlhAQABAIAAAAAAAP///yH5BAEAAAAALAAAAAABAAEAAAIBRAA7",No rating available,https://www.jumia.co.ke/hommy-maroon-portable-wardrobe-3-column-maroon-cover-34974653.html
Rashnik Electric Water Dispenser Pump,KSh 407,N/A,No Discount,Stock info unavailable,"data:image/gif;base64,R0lGODlhAQABAIAAAAAAAP///yH5BAEAAAAALAAAAAABAAEAAAIBRAA7",No rating available,https://www.jumia.co.ke/rashnik-electric-water-dispenser-pump-189505813.html
Solar Light Solar LED Wall Light Motion Sensor Street Yard Outdoor Security Lamp Fake Camera,KSh 800,"KSh 1,400",43%,Stock info unavailable,"data:image/gif;base64,R0lGODlhAQABAIAAAAAAAP///yH5BAEAAAAALAAAAAABAAEAAAIBRAA7",No rating available,https://www.jumia.co.ke/solar-light-solar-led-wall-light-motion-sensor-street-yard-outdoor-security-lamp-fake-camera-172303421.html
Nunix Nunix 2 Layer Stainless Steel Dishrack DR2S,KSh 960,"KSh 1,040",8%,Stock info unavailable,"data:image/gif;base64,R0lGODlhAQABAIAAAAAAAP///yH5BAEAAAAALAAAAAABAAEAAAIBRAA7",No rating available,https://www.jumia.co.ke/nunix-nunix-2-layer-stainless-steel-dishrack-dr2s-171419781.html
Sundabest 6pc beer Glass Cups. (5112),KSh 955,KSh 956,1%,Stock info unavailable,"data:image/gif;base64,R0lGODlhAQABAIAAAAAAAP///yH5BAEAAAAALAAAAAABAAEAAAIBRAA7",No rating available,https://www.jumia.co.ke/sundabest-6pc-beer-glass-cups.-5112-183404855.html
Nunix Aluminium Pressure Cooker - Explosion Proof - 7  Litres - Silver,"KSh 2,760",N/A,No Discount,Stock info unavailable,"data:image/gif;base64,R0lGODlhAQABAIAAAAAAAP///yH5BAEAAAAALAAAAAABAAEAAAIBRAA7",No rating available,https://www.jumia.co.ke/nunix-aluminium-pressure-cooker-explosion-proof-7-litres-silver-169297390.html
Globalstar Durable Blender 1.6Litres 2 In 1 Juicer GS-TY618A  - Black/white,"KSh 1,691","KSh 2,380",29%,Stock info unavailable,"data:image/gif;base64,R0lGODlhAQABAIAAAAAAAP///yH5BAEAAAAALAAAAAABAAEAAAIBRAA7",No rating available,https://www.jumia.co.ke/globalstar-durable-blender-1.6litres-2-in-1-juicer-gs-ty618a-blackwhite-293702083.html
Bluetooth + 2.4G Dual-mode Rechargeable Wireless LED Mouse - White,KSh 336,KSh 500,33%,Stock info unavailable,"data:image/gif;base64,R0lGODlhAQABAIAAAAAAAP///yH5BAEAAAAALAAAAAABAAEAAAIBRAA7",No rating available,https://www.jumia.co.ke/generic-bluetooth-2.4g-dual-mode-rechargeable-wireless-led-mouse-white-215672224.html
NEW Arrival Air39 Earpods Tws Transparent Cabin Wireless Bluetooth Earbuds With LED Digital Display,KSh 485,KSh 699,31%,Stock info unavailable,"data:image/gif;base64,R0lGODlhAQABAIAAAAAAAP///yH5BAEAAAAALAAAAAABAAEAAAIBRAA7",No rating available,https://www.jumia.co.ke/generic-new-arrival-air39-earpods-tws-transparent-cabin-wireless-bluetooth-earbuds-with-led-digital-display-260760795.html
Women Large Capacity Canvas Shoulder Bag Tote Bag Red,KSh 526,"KSh 1,142",54%,Stock info unavailable,"data:image/gif;base64,R0lGODlhAQABAIAAAAAAAP///yH5BAEAAAAALAAAAAABAAEAAAIBRAA7",No rating available,https://www.jumia.co.ke/generic-women-large-capacity-canvas-shoulder-bag-tote-bag-red-257444551.html
Mythco 120COB Solar Wall Ligt With Motion Sensor And Remote Control 3 Modes,KSh 458,KSh 986,54%,Stock info unavailable,"data:image/gif;base64,R0lGODlhAQABAIAAAAAAAP///yH5BAEAAAAALAAAAAABAAEAAAIBRAA7",No rating available,https://www.jumia.co.ke/mythco-120cob-solar-wall-ligt-with-motion-sensor-and-remote-control-3-modes-189065268.html
UWY 128GB Pendrive Flash. Drive  Metal Write Speed Above,KSh 538,"KSh 1,098",51%,Stock info unavailable,"data:image/gif;base64,R0lGODlhAQABAIAAAAAAAP///yH5BAEAAAAALAAAAAABAAEAAAIBRAA7",No rating available,https://www.jumia.co.ke/uwy-128gb-pendrive-flash.-drive-metal-write-speed-above-66620773.html
Rechargeable Metal Simple Style Hair Clipper,KSh 244,KSh 525,54%,Stock info unavailable,"data:image/gif;base64,R0lGODlhAQABAIAAAAAAAP///yH5BAEAAAAALAAAAAABAAEAAAIBRAA7",No rating available,https://www.jumia.co.ke/generic-rechargeable-metal-simple-style-hair-clipper-252212739.html
Globalstar Juice Blender Juicer 2 In 1 1.6Litres GS-TY202B  - Black,"KSh 1,596","KSh 2,380",33%,Stock info unavailable,"data:image/gif;base64,R0lGODlhAQABAIAAAAAAAP///yH5BAEAAAAALAAAAAABAAEAAAIBRAA7",No rating available,https://www.jumia.co.ke/globalstar-juice-blender-juicer-2-in-1-1.6litres-gs-ty202b-black-293460618.html
Pureliving 6PCS Stainless Steel Coffee Spoons Set,KSh 256,KSh 350,27%,Stock info unavailable,"data:image/gif;base64,R0lGODlhAQABAIAAAAAAAP///yH5BAEAAAAALAAAAAABAAEAAAIBRAA7",No rating available,https://www.jumia.co.ke/generic-pureliving-6pcs-stainless-steel-coffee-spoons-set-274321029.html
Yixin 5-piece T-shirt Short Sleeved Children's Summer Half Sleeved Top,KSh 839,"KSh 1,645",49%,Stock info unavailable,"data:image/gif;base64,R0lGODlhAQABAIAAAAAAAP///yH5BAEAAAAALAAAAAABAAEAAAIBRAA7",No rating available,https://www.jumia.co.ke/yixin-5-piece-t-shirt-short-sleeved-childrens-summer-half-sleeved-top-192236391.html
12 Pcs Silicone Cooking Utensils Kitchen Utensil Set,"KSh 1,402","KSh 2,100",33%,Stock info unavailable,"data:image/gif;base64,R0lGODlhAQABAIAAAAAAAP///yH5BAEAAAAALAAAAAABAAEAAAIBRAA7",No rating available,https://www.jumia.co.ke/generic-12-pcs-silicone-cooking-utensils-kitchen-utensil-set-274321036.html
"3 In 1 Cordless Handheld Vacuum Cleaner, Car, USB Charging, Keyboard Cleaner",KSh 825,"KSh 1,605",49%,Stock info unavailable,"data:image/gif;base64,R0lGODlhAQABAIAAAAAAAP///yH5BAEAAAAALAAAAAABAAEAAAIBRAA7",No rating available,https://www.jumia.co.ke/generic-3-in-1-cordless-handheld-vacuum-cleaner-car-usb-charging-keyboard-cleaner-191526942.html
Fashion 2 In1 Watch Fashion Rhinestone Wrist Watch For Ladies+ Bracelet Watch-Beige,KSh 529,KSh 999,47%,Stock info unavailable,"data:image/gif;base64,R0lGODlhAQABAIAAAAAAAP///yH5BAEAAAAALAAAAAABAAEAAAIBRAA7",No rating available,https://www.jumia.co.ke/fashion-2-in1-watch-fashion-rhinestone-wrist-watch-for-ladies-bracelet-watch-beige-134475987.html
Fashion 3pcs Men Tops+Pants+Shorts Fitness Sportswear Set - Black,"KSh 2,160","KSh 3,200",33%,Stock info unavailable,"data:image/gif;base64,R0lGODlhAQABAIAAAAAAAP///yH5BAEAAAAALAAAAAABAAEAAAIBRAA7",No rating available,https://www.jumia.co.ke/fashion-3pcs-men-topspantsshorts-fitness-sportswear-set-black-232616016.html
"K35 3.5mm 2 In 1Wireless Lavalier Microphone,Type-C Short Live Video Microphone","KSh 1,460","KSh 2,320",37%,Stock info unavailable,"data:image/gif;base64,R0lGODlhAQABAIAAAAAAAP///yH5BAEAAAAALAAAAAABAAEAAAIBRAA7",No rating available,https://www.jumia.co.ke/generic-k35-3.5mm-2-in-1wireless-lavalier-microphonetype-c-short-live-video-microphone-159283460.html
New Fashion Quartz Watch - Elegant And Noble,KSh 848,"KSh 1,396",39%,Stock info unavailable,"data:image/gif;base64,R0lGODlhAQABAIAAAAAAAP///yH5BAEAAAAALAAAAAABAAEAAAIBRAA7",No rating available,https://www.jumia.co.ke/generic-new-fashion-quartz-watch-elegant-and-noble-233547934.html
Super Soft Bristle Toothbrush Teeth Care Oral Cleaning Tools - White,KSh 29,KSh 58,50%,Stock info unavailable,"data:image/gif;base64,R0lGODlhAQABAIAAAAAAAP///yH5BAEAAAAALAAAAAABAAEAAAIBRAA7",No rating available,https://www.jumia.co.ke/generic-super-soft-bristle-toothbrush-teeth-care-oral-cleaning-tools-white-230167354.html
1Pairs Collagen Eye Patches Anti-Aging Acne Eye Mask,KSh 90,KSh 200,55%,Stock info unavailable,"data:image/gif;base64,R0lGODlhAQABAIAAAAAAAP///yH5BAEAAAAALAAAAAABAAEAAAIBRAA7",No rating available,https://www.jumia.co.ke/generic-1pairs-collagen-eye-patches-anti-aging-acne-eye-mask-232616185.html
Cat Print Throw Pillow Case/Cover - 45x45CM,KSh 180,KSh 300,40%,Stock info unavailable,"data:image/gif;base64,R0lGODlhAQABAIAAAAAAAP///yH5BAEAAAAALAAAAAABAAEAAAIBRAA7",No rating available,https://www.jumia.co.ke/generic-cat-print-throw-pillow-casecover-45x45cm-234985244.html
5Pack Dish Home Kitchen Thickening Absorbent Scouring Cloth,KSh 275,KSh 550,50%,Stock info unavailable,"data:image/gif;base64,R0lGODlhAQABAIAAAAAAAP///yH5BAEAAAAALAAAAAABAAEAAAIBRAA7",No rating available,https://www.jumia.co.ke/generic-5pack-dish-home-kitchen-thickening-absorbent-scouring-cloth-243282242.html
Make-up Remover Powder Puff  Face Clean Pad - Short Hair - White,KSh 140,KSh 280,50%,Stock info unavailable,"data:image/gif;base64,R0lGODlhAQABAIAAAAAAAP///yH5BAEAAAAALAAAAAABAAEAAAIBRAA7",No rating available,https://www.jumia.co.ke/generic-make-up-remover-powder-puff-face-clean-pad-short-hair-white-233626143.html
Fashion Women's Canvas Shoes Women Sneakers-White,KSh 549 - KSh 649,KSh 650,16%,Stock info unavailable,"data:image/gif;base64,R0lGODlhAQABAIAAAAAAAP///yH5BAEAAAAALAAAAAABAAEAAAIBRAA7",No rating available,https://www.jumia.co.ke/fashion-womens-canvas-shoes-women-sneakers-white-253894819.html
Adidas Tensaur Sport 2.0 CF Infant Hook And Loop Shoes,"KSh 2,554","KSh 5,108",50%,Stock info unavailable,"data:image/gif;base64,R0lGODlhAQABAIAAAAAAAP///yH5BAEAAAAALAAAAAABAAEAAAIBRAA7",No rating available,https://www.jumia.co.ke/adidas-tensaur-sport-2.0-cf-infant-hook-and-loop-shoes-167077358.html
Men Casual Sneakers Breathable Sport Running Shoes- Blue,KSh 746 - KSh 820,"KSh 1,467",49%,Stock info unavailable,"data:image/gif;base64,R0lGODlhAQABAIAAAAAAAP///yH5BAEAAAAALAAAAAABAAEAAAIBRAA7",No rating available,https://www.jumia.co.ke/generic-men-casual-sneakers-breathable-sport-running-shoes-blue-106544403.html
Fashion Mens Sneaker Causal Breathable Shoes Light Weight Walking Shoes,"KSh 899 - KSh 1,099","KSh 1,800",50%,Stock info unavailable,"data:image/gif;base64,R0lGODlhAQABAIAAAAAAAP///yH5BAEAAAAALAAAAAABAAEAAAIBRAA7",No rating available,https://www.jumia.co.ke/fashion-mens-sneaker-causal-breathable-shoes-light-weight-walking-shoes-169380651.html
Fashion Shoes For Women Sneakers Ladies Shoes Sneakers,KSh 499 - KSh 599,KSh 799,38%,Stock info unavailable,"data:image/gif;base64,R0lGODlhAQABAIAAAAAAAP///yH5BAEAAAAALAAAAAABAAEAAAIBRAA7",No rating available,https://www.jumia.co.ke/fashion-shoes-for-women-sneakers-ladies-shoes-sneakers-262308506.html
Fashion Ladies Sneaker Shoes Causal Shoes Buy A Size Larger Than Usual White,KSh 999,"KSh 1,500",33%,Stock info unavailable,"data:image/gif;base64,R0lGODlhAQABAIAAAAAAAP///yH5BAEAAAAALAAAAAABAAEAAAIBRAA7",No rating available,https://www.jumia.co.ke/fashion-ladies-sneaker-shoes-causal-shoes-buy-a-size-larger-than-usual-white-58192703.html
Fashion Trendy Lightweight One-Step Men's Shoes-Black,KSh 500,KSh 890,44%,Stock info unavailable,"data:image/gif;base64,R0lGODlhAQABAIAAAAAAAP///yH5BAEAAAAALAAAAAABAAEAAAIBRAA7",No rating available,https://www.jumia.co.ke/fashion-trendy-lightweight-one-step-mens-shoes-black-156943472.html
Fashion Men Loafers Shoes Casual Pu Leather Shoes Sneaker Shoes Black,KSh 499,"KSh 800 - KSh 1,000",50%,Stock info unavailable,"data:image/gif;base64,R0lGODlhAQABAIAAAAAAAP///yH5BAEAAAAALAAAAAABAAEAAAIBRAA7",No rating available,https://www.jumia.co.ke/fashion-men-loafers-shoes-casual-pu-leather-shoes-sneaker-shoes-black-58405477.html
Fashion Ladies Classic Casual Shoes Sneakers Breathable Antiskid For Women Sports,KSh 470,KSh 800,41%,Stock info unavailable,"data:image/gif;base64,R0lGODlhAQABAIAAAAAAAP///yH5BAEAAAAALAAAAAABAAEAAAIBRAA7",No rating available,https://www.jumia.co.ke/fashion-ladies-classic-casual-shoes-sneakers-breathable-antiskid-for-women-sports-216014119.html
Bata Toughees Black Unisex Toughee Shoes,"KSh 2,899",N/A,No Discount,Stock info unavailable,"data:image/gif;base64,R0lGODlhAQABAIAAAAAAAP///yH5BAEAAAAALAAAAAABAAEAAAIBRAA7",No rating available,https://www.jumia.co.ke/bata-toughees-black-unisex-toughee-shoes-209332872.html
Fashion Men Shoes Loafers Casual Shoes Slip-Ons Business Loafers Formal Shoes,KSh 545 - KSh 599,"KSh 1,059",49%,Stock info unavailable,"data:image/gif;base64,R0lGODlhAQABAIAAAAAAAP///yH5BAEAAAAALAAAAAABAAEAAAIBRAA7",No rating available,https://www.jumia.co.ke/fashion-men-shoes-loafers-casual-shoes-slip-ons-business-loafers-formal-shoes-169699649.html
Fashion Men's Sports Shoes,KSh 599 - KSh 636,"KSh 1,299",54%,Stock info unavailable,"data:image/gif;base64,R0lGODlhAQABAIAAAAAAAP///yH5BAEAAAAALAAAAAABAAEAAAIBRAA7",No rating available,https://www.jumia.co.ke/fashion-mens-sports-shoes-196472062.html
Fashion Women Fashion Sneakers,KSh 499 - KSh 599,KSh 799,38%,Stock info unavailable,"data:image/gif;base64,R0lGODlhAQABAIAAAAAAAP///yH5BAEAAAAALAAAAAABAAEAAAIBRAA7",No rating available,https://www.jumia.co.ke/fashion-women-fashion-sneakers-264645874.html
Fashion Men Shoes Loafers Casual Shoes Slip-On Shoes Business Shoes,KSh 699,"KSh 1,349",48%,Stock info unavailable,"data:image/gif;base64,R0lGODlhAQABAIAAAAAAAP///yH5BAEAAAAALAAAAAABAAEAAAIBRAA7",No rating available,https://www.jumia.co.ke/fashion-men-shoes-loafers-casual-shoes-slip-on-shoes-business-shoes-71168513.html
Fashion 2024 Men Casual Air-Cushion Running Sneakers Black,KSh 649,"KSh 1,001",35%,Stock info unavailable,"data:image/gif;base64,R0lGODlhAQABAIAAAAAAAP///yH5BAEAAAAALAAAAAABAAEAAAIBRAA7",No rating available,https://www.jumia.co.ke/fashion-2024-men-casual-air-cushion-running-sneakers-black-264645835.html
Mosara Deep Treatment Masque - 250G,KSh 990,N/A,No Discount,Stock info unavailable,"data:image/gif;base64,R0lGODlhAQABAIAAAAAAAP///yH5BAEAAAAALAAAAAABAAEAAAIBRAA7",No rating available,https://www.jumia.co.ke/mosara-deep-treatment-masque-250g-50399237.html
David Beckham MENS CLASSIC EDT 100ML,"KSh 4,500",N/A,No Discount,Stock info unavailable,"data:image/gif;base64,R0lGODlhAQABAIAAAAAAAP///yH5BAEAAAAALAAAAAABAAEAAAIBRAA7",No rating available,https://www.jumia.co.ke/david-beckham-mens-classic-edt-100ml-286404481.html
NIVEA Radiant & Beauty Advanced Care Lotion For Women - 400ml (Pack Of 2),"KSh 1,095","KSh 1,460",25%,Stock info unavailable,"data:image/gif;base64,R0lGODlhAQABAIAAAAAAAP///yH5BAEAAAAALAAAAAABAAEAAAIBRAA7",No rating available,https://www.jumia.co.ke/nivea-radiant-beauty-advanced-care-lotion-for-women-400ml-pack-of-2-94993120.html
"NIVEA His & Hers Deo Pack - Deep Roll-On - 50ml, Pearl & Beauty Roll-On - 50ml",KSh 780,"KSh 1,040",25%,Stock info unavailable,"data:image/gif;base64,R0lGODlhAQABAIAAAAAAAP///yH5BAEAAAAALAAAAAABAAEAAAIBRAA7",No rating available,https://www.jumia.co.ke/nivea-his-hers-deo-pack-deep-roll-on-50ml-pearl-beauty-roll-on-50ml-68527994.html
UNCOVER Aloe Invisible Sunscreen,"KSh 2,699","KSh 2,999",10%,Stock info unavailable,"data:image/gif;base64,R0lGODlhAQABAIAAAAAAAP///yH5BAEAAAAALAAAAAABAAEAAAIBRAA7",No rating available,https://www.jumia.co.ke/uncover-aloe-invisible-sunscreen-101869246.html
St Ives Soft Skin Honey And Avocado Face Scrub 170g,"KSh 1,095",N/A,No Discount,Stock info unavailable,"data:image/gif;base64,R0lGODlhAQABAIAAAAAAAP///yH5BAEAAAAALAAAAAABAAEAAAIBRAA7",No rating available,https://www.jumia.co.ke/st-ives-soft-skin-honey-and-avocado-face-scrub-170g-268476562.html
Vaseline Dry Skin Repair Void 400ml,KSh 570,N/A,No Discount,Stock info unavailable,"data:image/gif;base64,R0lGODlhAQABAIAAAAAAAP///yH5BAEAAAAALAAAAAABAAEAAAIBRAA7",No rating available,https://www.jumia.co.ke/vaseline-dry-skin-repair-void-400ml-168440903.html
Garnier Pure Active 3 In1 Charcoal  Anti  Blackhead Mask Wash Scrub -150ml,KSh 942,"KSh 1,345",30%,Stock info unavailable,"data:image/gif;base64,R0lGODlhAQABAIAAAAAAAP///yH5BAEAAAAALAAAAAABAAEAAAIBRAA7",No rating available,https://www.jumia.co.ke/garnier-pure-active-3-in1-charcoal-anti-blackhead-mask-wash-scrub-150ml-15855244.html
NIVEA Revitalising Body Lotion For Men - 400ml,KSh 400,KSh 500,20%,Stock info unavailable,"data:image/gif;base64,R0lGODlhAQABAIAAAAAAAP///yH5BAEAAAAALAAAAAABAAEAAAIBRAA7",No rating available,https://www.jumia.co.ke/nivea-revitalising-body-lotion-for-men-400ml-67957571.html
"Dettol Antibacterial Soap SkinCare, 175g",KSh 249,KSh 300,17%,Stock info unavailable,"data:image/gif;base64,R0lGODlhAQABAIAAAAAAAP///yH5BAEAAAAALAAAAAABAAEAAAIBRAA7",No rating available,https://www.jumia.co.ke/dettol-antibacterial-soap-skincare-175g-167024233.html
"XIAOMI Redmi 14C, 6.88"" (4GB RAM+128GB Storage) (Dual Sim) 5160mAh - Midnight Black","KSh 12,990","KSh 19,999",35%,Stock info unavailable,"data:image/gif;base64,R0lGODlhAQABAIAAAAAAAP///yH5BAEAAAAALAAAAAABAAEAAAIBRAA7",No rating available,https://www.jumia.co.ke/xiaomi-redmi-14c-6.88-4gb-ram128gb-storage-dual-sim-5160mah-midnight-black-279067660.html
"Vitron 4388FS,43"" Inch FRAMELESS Smart Android TV Netflix INBUILT DECODER, Bluetooth Enabled Television (1 Year Warranty)+FREE BRACKET","KSh 20,999","KSh 28,000",25%,Stock info unavailable,"data:image/gif;base64,R0lGODlhAQABAIAAAAAAAP///yH5BAEAAAAALAAAAAABAAEAAAIBRAA7",No rating available,https://www.jumia.co.ke/vitron-4388fs43-inch-frameless-smart-android-tv-netflix-inbuilt-decoder-bluetooth-enabled-television-1-year-warrantyfree-bracket-35019813.html
"Haier HMW20DBM Digital Microwave Oven 700W, 20L - Black","KSh 9,999","KSh 12,795",22%,Stock info unavailable,"data:image/gif;base64,R0lGODlhAQABAIAAAAAAAP///yH5BAEAAAAALAAAAAABAAEAAAIBRAA7",No rating available,https://www.jumia.co.ke/haier-hmw20dbm-digital-microwave-oven-700w-20l-black-95922981.html
"Samsung Galaxy A05, 6.7'' 4GB RAM + 64GB ROM (Dual Sim) 50MP Camera, 5000mAh - Black","KSh 10,979","KSh 14,999",27%,Stock info unavailable,"data:image/gif;base64,R0lGODlhAQABAIAAAAAAAP///yH5BAEAAAAALAAAAAABAAEAAAIBRAA7",No rating available,https://www.jumia.co.ke/samsung-galaxy-a05-6.7-4gb-ram-64gb-rom-dual-sim-50mp-camera-5000mah-black-185881786.html
Earpods Pro3 Bluetooth Headsets Wireless Earphones,KSh 430,KSh 800,46%,Stock info unavailable,"data:image/gif;base64,R0lGODlhAQABAIAAAAAAAP///yH5BAEAAAAALAAAAAABAAEAAAIBRAA7",No rating available,https://www.jumia.co.ke/generic-earpods-pro3-bluetooth-headsets-wireless-earphones-282230331.html
LED Display Bluetooth Headsets 8D Stereo Wireless Earphones Earpods,KSh 399,KSh 450,11%,Stock info unavailable,"data:image/gif;base64,R0lGODlhAQABAIAAAAAAAP///yH5BAEAAAAALAAAAAABAAEAAAIBRAA7",No rating available,https://www.jumia.co.ke/generic-led-display-bluetooth-headsets-8d-stereo-wireless-earphones-earpods-278793044.html
Mosquito Net With Metallic Stand 4 By 6 - Purple,"KSh 1,247","KSh 1,330",6%,Stock info unavailable,"data:image/gif;base64,R0lGODlhAQABAIAAAAAAAP///yH5BAEAAAAALAAAAAABAAEAAAIBRAA7",No rating available,https://www.jumia.co.ke/4-by-6-purple-mosquito-net-with-metallic-stand-generic-mpg346369.html
Power King Top Quality 3M 4 Way Power Extension Cable,KSh 299,KSh 400,25%,Stock info unavailable,"data:image/gif;base64,R0lGODlhAQABAIAAAAAAAP///yH5BAEAAAAALAAAAAABAAEAAAIBRAA7",No rating available,https://www.jumia.co.ke/power-king-top-quality-3m-4-way-power-extension-cable-110914102.html
37 Grids Silicon Ice Cube Maker Tray + Top Cover,KSh 369,KSh 766,52%,Stock info unavailable,"data:image/gif;base64,R0lGODlhAQABAIAAAAAAAP///yH5BAEAAAAALAAAAAABAAEAAAIBRAA7",No rating available,https://www.jumia.co.ke/37-grids-silicon-ice-cube-maker-tray-top-cover-generic-mpg6275452.html
"Nunix Bottom Load Hot, Cold And Normal Water Dispenser","KSh 10,999","KSh 16,000",31%,Stock info unavailable,"data:image/gif;base64,R0lGODlhAQABAIAAAAAAAP///yH5BAEAAAAALAAAAAABAAEAAAIBRAA7",No rating available,https://www.jumia.co.ke/nunix-bottom-load-hot-cold-and-normal-water-dispenser-233657851.html
G40 Solar String Lights 25Bulb 7.62meters Fairy Lights With USB Charging,"KSh 6,899",N/A,No Discount,Stock info unavailable,"data:image/gif;base64,R0lGODlhAQABAIAAAAAAAP///yH5BAEAAAAALAAAAAABAAEAAAIBRAA7",No rating available,https://www.jumia.co.ke/generic-g40-solar-string-lights-25bulb-7.62meters-fairy-lights-with-usb-charging-43997627.html
Solarmax 350 Watts Solar Panel 350Watts Monocrystalline All Weather Solar Panel,"KSh 10,999","KSh 20,000",45%,Stock info unavailable,"data:image/gif;base64,R0lGODlhAQABAIAAAAAAAP///yH5BAEAAAAALAAAAAABAAEAAAIBRAA7",No rating available,https://www.jumia.co.ke/solarmax-350-watts-solar-panel-350watts-monocrystalline-all-weather-solar-panel-258336939.html
IPCONE Hot And Normal Standing Water Dispenser With Storage Cabinet,"KSh 3,499","KSh 4,599",24%,Stock info unavailable,"data:image/gif;base64,R0lGODlhAQABAIAAAAAAAP///yH5BAEAAAAALAAAAAABAAEAAAIBRAA7",No rating available,https://www.jumia.co.ke/ipcone-hot-and-normal-standing-water-dispenser-with-storage-cabinet-252945793.html
Windsor Ceiling Fan with Light Bulb 3 Lighting Modes 6 Speed Remote Control Wooden Fan Blades with Timer Quite Dc Motor Superior High Quality 1 Yr Warranty,"KSh 14,995",N/A,No Discount,Stock info unavailable,"data:image/gif;base64,R0lGODlhAQABAIAAAAAAAP///yH5BAEAAAAALAAAAAABAAEAAAIBRAA7",No rating available,https://www.jumia.co.ke/windsor-ceiling-fan-with-light-bulb-3-lighting-modes-6-speed-remote-control-wooden-fan-blades-with-timer-quite-dc-motor-superior-high-quality-1-yr-warranty-280157868.html
Solarmax Solar Panel Fullkit 100w Solar Panel + 80AH Battery + 300Watts Inverter + 10 Ah Charge Controller + 5 Bulbs +10m Cable,"KSh 11,499","KSh 18,999",39%,Stock info unavailable,"data:image/gif;base64,R0lGODlhAQABAIAAAAAAAP///yH5BAEAAAAALAAAAAABAAEAAAIBRAA7",No rating available,https://www.jumia.co.ke/solarmax-solar-panel-fullkit-100w-solar-panel-80ah-battery-300watts-inverter-10-ah-charge-controller-5-bulbs-10m-cable-287916820.html
